rna_canonical_id,rna_id,rna_name,rna_sequence
RNA_7d99d0ea548c,Target_29,Riboflavin binding RNA aptamer,GGAACGAGGGAUGGAGGAGGAGUCGUUCC
RNA_7f2ccc4bf8be,Target_38,LYSINE RIBOSWITCH APTAMER,GAAGAUAGAGGUGCGAACUUCAAGAGUAUGCCUUUGGAGAAAGAUGGAUUCUGUGAAAAAGGCUGAAAGGGGAGCGUCGCCGAAGCAAAUAAAACCCCAUCGGUAUUAUUUGCUGGCCGUGCAUUGAAUAAAUGUAAGGCUGUCAAGAAAUCAUUUUCUUGGAGGGCUAUCUCGUUGUUCAUAAUCAUUUAUGAUGAUUAAUUGAUAAGCAAUGAGAGUAUUCCUCUCAUUGCUUUUUU
RNA_c0798cfeacbe,Target_388,Aptamer mutant U9,GGUACCCGUCUGGCGAGAGCCAGGUAACGAAUGGUACC
RNA_dcddb1b89570,Target_215,"HTT exon1 RNA, 18 repeats",GGCAGCAGCAGCAGCAGCAGCAGCAGCAGCAGCAGCAGCAGCAGCAGCAGCAGCAGCC
RNA_57e1768d32a5,Target_265,miR-21 hairpin,GGGUUGACUGUUGAAUCUCAUGGCAACCC
RNA_e95f53425739,Target_322,R-Seq2,GCUGAUUUCUUUUGGUGUUCAGAGUGGUCGGUGGUUGGUGGUGGGUGGUGGUUCUAGCACCAUCUGAAAUCGGUUA
RNA_c28735feb9dc,Target_172,r(CUG)4,CUGCUGCUGCUG
RNA_695f352c6450,Target_267,Pre-miR-373,GGGAUACUCAAAAUGGGGGCGCUUUCCUUUUUGUCUGUACUGGGAAGUGCUUCGAUUUUGGGGUGUCCC
RNA_71772f50feff,Target_169,r(CGG)12,CGGCGGCGGCGGCGGCGGCGGCGGCGGCGGCGGCGG
RNA_2f6d537ff95d,Target_400,Aptamer mutant C24,GGUACCCGACUGGCGAGAGCCAGCUAACGAAUGGUACC
RNA_103187db1d33,Target_101,Small subunit,AAAUUGAAGAGUUUGAUCAUGGCUCAGAUUGAACGCUGGCGGCAGGCCUAACACAUGCAAGUCGAACGGUAACAGGAAGAAGCUUGCUUCUUUGCUGACGAGUGGCGGACGGGUGAGUAAUGUCUGGGAAACUGCCUGAUGGAGGGGGAUAACUACUGGAAACGGUAGCUAAUACCGCAUAACGUCGCAAGACCAAAGAGGGGGACCUUCGGGCCUCUUGCCAUCGGAUGUGCCCAGAUGGGAUUAGCUAGUAGGUGGGGUAACGGCUCACCUAGGCGACGAUCCCUAGCUGGUCUGAGAGGAUGACCAGCCACACUGGAACUGAGACACGGUCCAGACUCCUACGGGAGGCAGCAGUGGGGAAUAUUGCACAAUGGGCGCAAGCCUGAUGCAGCCAUGCCGCGUGUAUGAAGAAGGCCUUCGGGUUGUAAAGUACUUUCAGCGGGGAGGAAGGGAGUAAAGUUAAUACCUUUGCUCAUUGACGUUACCCGCAGAAGAAGCACCGGCUAACUCCGUGCCAGCAGCCGCGGUAAUACGGAGGGUGCAAGCGUUAAUCGGAAUUACUGGGCGUAAAGCGCACGCAGGCGGUUUGUUAAGUCAGAUGUGAAAUCCCCGGGCUCAACCUGGGAACUGCAUCUGAUACUGGCAAGCUUGAGUCUCGUAGAGGGGGGUAGAAUUCCAGGUGUAGCGGUGAAAUGCGUAGAGAUCUGGAGGAAUACCGGUGGCGAAGGCGGCCCCCUGGACGAAGACUGACGCUCAGGUGCGAAAGCGUGGGGAGCAAACAGGAUUAGAUACCCUGGUAGUCCACGCCGUAAACGAUGUCGACUUGGAGGUUGUGCCCUUGAGGCGUGGCUUCCGGAGCUAACGCGUUAAGUCGACCGCCUGGGGAGUACGGCCGCAAGGUUAAAACUCAAAUGAAUUGACGGGGGCCCGCACAAGCGGUGGAGCAUGUGGUUUAAUUCGAUGCAACGCGAAGAACCUUACCUGGUCUUGACAUCCACGGAAGUUUUCAGAGAUGAGAAUGUGCCUUCGGGAACCGUGAGACAGGUGCUGCAUGGCUGUCGUCAGCUCGUGUUGUGAAAUGUUGGGUUAAGUCCCGCAACGAGCGCAACCCUUAUCCUUUGUUGCCAGCGGUCCGGCCGGGAACUCAAAGGAGACUGCCAGUGAUAAACUGGAGGAAGGUGGGGAUGACGUCAAGUCAUCAUGGCCCUUACGACCAGGGCUACACACGUGCUACAAUGGCGCAUACAAAGAGAAGCGACCUCGCGAGAGCAAGCGGACCUCAUAAAGUGCGUCGUAGUCCGGAUUGGAGUCUGCAACUCGACUCCAUGAAGUCGGAAUCGCUAGUAAUCGUGGAUCAGAAUGCCACGGUGAAUACGUUCCCGGGCCUUGUACACACCGCCCGUCACACCAUGGGAGUGGGUUGCAAAAGAAGUAGGUAGCUUAACCUUCGGGAGGGCGCUUACCACUUUGUGAUUCAUGACUGGGGUGAAGUCGUAACAAGGUAACCGUAGGGGAACCUGCGGUUGGAUCACCUCCUUA
RNA_94fc73f1ced5,Target_3,A-site 16S rRNA_E_coli (1),GAGCGUCACACCUUCGGGUGAAGUCGCUC
RNA_5cccc166d3a9,Target_329,EV71 SLII RNA,GGAUCAAUAGCAGGUGUGGCACACCAGUCAUACCUUGAUCC
RNA_009a3155c207,Target_19,HIV-1 TAR RNA,GGCAGAUCUGAGCCUGGGAGCUCUCUGCC
RNA_72eaa8de2fa5,Target_75,PreQ1_riboswitch_Fusobacterium,AGUAGAUGUGCUAGCAAAACAUCUUUAAAAAACUAGACUUGGGGUGCAAGUCCCCUUUUUUAUUGCUUAAAUUU
RNA_819ceec885ed,Target_99,PTC,UUGGCUACUAUGCCAGCUGGUGGAUUGCUCGGCUCAGGCGCUGAUGAAGGACGUGCCAAGCUGCGAUAAGCCAUGGGGAGCCGCACGGAGGCGAAGAACCAUGGAUUUCCGAAUGAGAAUCUCUCUAACAAUUGCUUCGCGCAAUGAGGAACCCCGAGAACUGAAACAUCUCAGUAUCGGGAGGAACAGAAAACGCAAUGUGAUGUCGUUAGUAACCGCGAGUGAACGCGAUACAGCCCAAACCGAAGCCCUCACGGGCAAUGUGGUGUCAGGGCUACCUCUCAUCAGCCGACCGUCUCGACGAAGUCUCUUGGAACAGAGCGUGAUACAGGGUGACAACCCCGUACUCGAGACCAGUACGACGUGCGGUAGUGCCAGAGUAGCGGGGGUUGGAUAUCCCUCGCGAAUAACGCAGGCAUCGACUGCGAAGGCUAAACACAACCUGAGACCGAUAGUGAACAAGUAGUGUGAACGAACGCUGCAAAGUACCCUCAGAAGGGAGGCGAAAUAGAGCAUGAAAUCAGUUGGCGAUCGAGCGACAGGGCAUACAAGGUCCCUCGACGAAUGACCGACGCGCGAGCGUCCAGUAAGACUCACGGGAAGCCGAUGUUCUGUCGUACGUUUUGAAAAACGAGCCAGGGAGUGUGUCUGCAUGGCAAGUCUAACCGGAGUAUCCGGGGAGGCACAGGGAAACCGACAUGGCCGCAGGGCUUUGCCCGAGGGCCGCCGUCUUCAAGGGCGGGGAGCCAUGUGGACACGACCCGAAUCCGGACGAUCUACGCAUGGACAAGAUGAAGCGUGCCGAAAGGCACGUGGAAGUCUGUUAGAGUUGGUGUCCUACAAUACCCUCUCGUGAUCUAUGUGUAGGGGUGAAAGGCCCAUCGAGUCCGGCAACAGCUGGUUCCAAUCGAAACAUGUCGAAGCAUGACCUCCGCCGAGGUAGUCUGUGAGGUAGAGCGACCGAUUGGUGUGUCCGCCUCCGAGAGGAGUCGGCACACCUGUCAAACUCCAAACUUACAGACGCCGUUUGACGCGGGGAUUCCGGUGCGCGGGGUAAGCCUGUGUACCAGGAGGGGAACAACCCAGAGAUAGGUUAAGGUCCCCAAGUGUGGAUUAAGUGUAAUCCUCUGAAGGUGGUCUCGAGCCCUAGACAGCCGGGAGGUGAGCUUAGAAGCAGCUACCCUCUAAGAAAAGCGUAACAGCUUACCGGCCGAGGUUUGAGGCGCCCAAAAUGAUCGGGACUCAAAUCCACCACCGAGACCUGUCCGUACCACUCAUACUGGUAAUCGAGUAGAUUGGCGCUCUAAUUGGAUGGAAGUAGGGGUGAAAACUCCUAUGGACCGAUUAGUGACGAAAAUCCUGGCCAUAGUAGCAGCGAUAGUCGGGUGAGAACCCCGACGGCCUAAUGGAUAAGGGUUCCUCAGCACUGCUGAUCAGCUGAGGGUUAGCCGGUCCUAAGUCAUACCGCAACUCGACUAUGACGAAAUGGGAAACGGGUUAAUAUUCCCGUGCCACUAUGCAGUGAAAGUUGACGCCCUGGGGUCGAUCACGCUGGGCAUUCGCCCAGUCGAACCGUCCAACUCCGUGGAAGCCGUAAUGGCAGGAAGCGGACGAACGGCGGCAUAGGGAAACGUGAUUCAACCUGGGGCCCAUGAAAAGACGAGCAUAGUGUCCGUACCGAGAACCGACACAGGUGUCCAUGGCGGCGAAAGCCAAGGCCUGUCGGGAGCAACCAACGUUAGGGAAUUCGGCAAGUUAGUCCCGUACCUUCGGAAGAAGGGAUGCCUGCUCCGGAACGGAGCAGGUCGCAGUGACUCGGAAGCUCGGACUGUCUAGUAACAACAUAGGUGACCGCAAAUCCGCAAGGACUCGUACGGUCACUGAAUCCUGCCCAGUGCAGGUAUCUGAACACCUCGUACAAGAGGACGAAGGACCUGUCAACGGCGGGGGUAACUAUGACCCUCUUAAGGUAGCGUAGUACCUUGCCGCAUCAGUAGCGGCUUGCAUGAAUGGAUUAACCAGAGCUUCACUGUCCCAACGUUGGGCCCGGUGAACUGUACAUUCCAGUGCGGAGUCUGGAGACACCCAGGGGGAAGCGAAGACCCUAUGGAGCUUUACUGCAGGCUGUCGCUGAGACGUGGUCGCCGAUGUGCAGCAUAGGUAGGAGACACUACACAGGUACCCGCGCUAGCGGGCCACCGAGUCAACAGUGAAAUACUACCCGUCGGUGACUGCGACUCUCACUCCGGGAGGAGGACACCGAUAGCCGGGCAGUUUGACUGGGGCGGUACGCGCUCGAAAAGAUAUCGAGCGCGCCCUAUGGCUAUCUCAGCCGGGACAGAGACCCGGCGAAGAGUGCAAGAGCAAAAGAUAGCUUGACAGUGUUCUUCCCAACGAGGAACGCUGACGCGAAAGCGUGGUCUAGCGAACCAAUUAGCCUGCUUGAUGCGGGCAAUUGAUGACAGAAAAGCUACCCUAGGGAUAACAGAGUCGUCACUCGCAAGAGCACAUAUCGACCGAGUGGCUUGCUACCUCGAUGUCGGUUCCCUCCAUCCUGCCCGUGCAGAAGCGGGCAAGGGUGAGGUUGUUCGCCUAUUAAAGGAGGUCGUGAGCUGGGUUUAGACCGUCGUGAGACAGGUCGGCUGCUAUCUACUGGGUGUGUAAUGGUGUCUGACAAGAACGACCGUAUAGUACGAGAGGAACUACGGUUGGUGGCCACUGGUGUACCGGUUGUUCGAGAGAGCACGUGCCGGGUAGCCACGCCACACGGGGUAAGAGCUGAACGCAUCUAAGCUCGAAACCCACUUGGAAAAGAGACACCGCCGAGGUCCCGCGUACAAGACGCGGUCGAUAGACUCGGGGUGUGCGCGUCGAGGUAACGAGACGUUAAGCCCACGAGCACUAACAGACCAAAGCCAUCAU
RNA_076b893ba6c0,Target_161,Pri-miR-96 RNA2 (desired GG loop only),GGGAGAGGGUUUACGAACGAAAGUUGGUGGAUCCGCAAGG
RNA_90c10231bdc5,Target_146,HIV-1 genomic SL3 rna,AGGACUCGGCUUGCUGAAGCGCGCGACGGCAAGAGGCGAGGGGCGGCGACUGGUGAGUACGCCAAAAAUUUUGACUAGCGGAGGCUAGAAGGAGAGAGAUGGGUGCGAGAGCGUCGGU
RNA_856b98e460b1,Target_437,Single_stranded_RNA,AUCACCUCCUUA
RNA_e1f632a1ab44,Target_257,IRES RNA G-quadruplex,GGAGGAGGGGGAGGAGGA
RNA_6aaedbbb1a53,Target_373,CVB loop D RNA,GGGCUAGCACUCUGGUAUCACGGUACCUUUGUGCGCCC
RNA_45290ce7ead3,Target_406,B.anthracis cysH,GGAGCUUAUCAAGAGAAGCGGAGGGAACUGGCCCGGCGAAGCUCGGCAACCUGCUUAUAGAAAGCAAGGUGCUAAAUCCAGCAAAAUGGAUUCCAUUUUGAAAGAUAAGGUAAAAUAUAUUACCGAACAGUCUUUUCGAAAUGGGAAAGAUUUUUUUUAU
RNA_4da23ef0375b,Target_230,lysC riboswitch mutant 1 (M2),GAAGAUAGAGGUGCGAACUUCAAGAGUAUGCCUUUGGAGAAAGAUGGAUUCUGUGAAAAAGGCUGAAGGGGAGCGUCGCCGAAGCAAAUAAAACCCCAUCGGUAUUAUUUGCUGGCCGUGCAUUGAAUAAAUGUAAGGCUGUCAAGAAAUCAUUUUCUUGGAGGGCUAUCUCGUUGUUCAUAAUCAUUUAUGAUGAUUAAUUGAUAAGCAAUGAGAGUAUUCCUCUCAUUGCUUUUUU
RNA_9c4284eb922c,Target_66,HCV IRES Domain IIId,GGCCGAGUAGUGUUGGGUCGCGAAAGGCC
RNA_cf92160c02f1,Target_271,Pri-miR-515 and the adjacent RNA motif (RNA 4),GGGAGAGGGUUUAAUUCAUUCUACGAAAGUAGCGUUAAUUGGAUCCGCAAGG
RNA_ebfb736b2d61,Target_224,GAU/CUA Stem Mutant,GGGAGAGGGUUUAUAGACGAAAGUCUAUGGAUCCGCAAGG
RNA_85f37a36284e,Target_55,r(CUG),GCGCUGCUGCUGCUGCUGCUGCUGCUGCUGCUGCGC
RNA_ef58d3c99f10,Target_145,RNA C,CUGGCUGCGCGCGCCGCCAG
RNA_31f54d99b1be,Target_84,RRE4,GGUGGGCGCAGCUUCGGCUGCGGACACC
RNA_5ee7c4b66343,Target_381,RNA hairpin loop IV,CGCGCAGUCAGUAGCGCG
RNA_4ef3ce4f8f03,Target_93,RRE13,GGUGGGCGCAGCUUCGGCUGCGCAAAACCACC
RNA_b255e424f87e,Target_154,RNA seq C,CCGCUGGGCAACCUGCGG
RNA_5cca0ae3bcc0,Target_245,RNA Hairpin,CCGCCGCAGUGGCGGCGG
RNA_efeac04eb1b7,Target_446,TS mRNA Construct_5,CCCCCGCCACCUUCGGGUGGCCGGGG
RNA_93ab67290f6d,Target_305,miR-21 G-A,GUUGACUGUUGAAUCUCAUAGCAAC
RNA_3718f3eb29d7,Target_76,B.subtilis tenA TPP riboswitch,GGUAACCACUAGGGGUGUCCUUCAUAAGGGCUGAGAUAAAAGUGUGACUUUUAGACCCUCAUAACUUGAACAGGUUCAGACCUGCGUAGGGAAGUGGAGC
RNA_0f83499da3e1,Target_198,DDPAC MAPT A Bulge,GGCAGUGUGAGUACCUUCAUACGUC
RNA_99ff4c744b0f,Target_32,TCT8-4 RNA Aptamer,AAGUGAUACCAGCAUCGUCUUGAUGCCCUUGGCAGCACUUCA
RNA_3d0eded6068c,Target_6,Aptamer,GGGAAGGGAAGAAACUGCGGCUUCGGCCGGCUUCCC
RNA_15a2f2e79d74,Target_127,SLI of Rep A,AUUUUUCCUCGAACUUGGCGGAACGCAGAAAAAU
RNA_b85c3bb0bac1,Target_227,miR-21,AGCCCCUGCCCACCGCACACUGCGCUGCCCCAGACCCACUGUGCGUGUGACAGCGGCUGA
RNA_3bc4edda88d7,Target_259,NRAS G4 motif,UGUGGGAGGGGCGGGUCUGGG
RNA_ed335374a662,Target_321,R-Seq1,GCUGAUUUCUUUUGGUGUUCAGAGGGGUCGGUGGUGGUGGUGGUGGUGGUUCUAGCACCAUCUGAAAUCGGUUA
RNA_736d5b3b4a30,Target_262,TRF2:TERRA G-quadruplex (TERRA22):Telomeric duplex DNA (hTELO-dup),GGGUUAGGGU
RNA_0d065695c4e0,Target_232,G4C2 repeat G-quadruplex RNA,GGGGCCGGGGCCGGGGCCGGGGCCGGGGCCGGGGCCGGGGCCGGGGCCGGGGCCGGGGCCGGGGCCGGGGCCGGGGCCGGGGCCGGGGCCGGGGCCGGGGCCGGGGCCGGGGCCGGGGCCGGGGCCGGGGCCGGGGCCGGGGCCGGGGCCGGGGCCGGGGCCGGGGCCGGGGCCGGGGCCGGGGCCGGGGCCGGGGCCGGGGCCGGGGCCGGGGCC
RNA_ed77d572b6d3,Target_109,HIV-1 FSS RNA; 5-fold excess tRNA,UUUUUUAGGGAAGAUCUGGCCUUCCCACAAGGGAAGGCCAGGGAAUUUUCUU
RNA_7892d875b555,Target_69,ADENINE RIBOSWITCH,GGACAUAUAAUCGCGUGGAUAUGGCACGCAAGUUUCUACCGGGCACCGUAAAUGUCCGAUUAUGUCC
RNA_126deb1dea77,Target_282,Oligonucleotide 3,CCGACUGAUGUUGACUGUUGAAUCUCAUGGCAACACCAGUCGG
RNA_3658c7db8803,Target_112,T box antiterminator RNA,GAGGGUGGAACCGCGCUUCGGCGUCCCUC
RNA_c508e04a6f9a,Target_375,RNA hairpin loop I,CGCGCGAAAGCGCG
RNA_d3037c8000b2,Target_149,Double stranded RNA seq,AUCACCUCCUUAUAAGGAGGUGAU
RNA_0b2fab338f06,Target_403,Aptamer mutant U31,GGUACCCGACUGGCGAGAGCCAGGUAACGAUUGGUACC
RNA_f929abf9cbf2,Target_266,Pre-miR-372,GUGGGCCUCAAAUGUGGAGCACUAUUCUGAUGUCCAAGUGGAAAGUGCUGCGACAUUUGAGCGUCAC
RNA_7c791bbd9117,Target_80,RRE-RNA,GCACUAUGGGCGCCAGCGUCAAUGACGCUGACGGUACAGCCAGACAAUUAUUGUCUGGUAUAGUGC
RNA_35eb1c995460,Target_81,RRE1,GGUGGGCGCAGCUUCGGCUGCGGUACACC
RNA_942ac4799b69,Target_250,"Oligo-1, a pyrimidine-rich RNA 15-mer",CUUCCUUUAUUUUCC
RNA_4bbf49ee4d1f,Target_307,J6f1 RNA,GGCUUAGUAUAGCGAGGUUUAGCUACACUCGUGCUGAGCC
RNA_ecd3ddbe4ddf,Target_63,Thymidylate synthase m-RNA,CCCCCCCGCCGCGCCAUGCCUGUGGCCGGUCGG
RNA_b00e570b99f0,Target_123,RNA XIII,GUCCGAUGCGUGUUUCACGCAGUUCGGAC
RNA_0dabf23eee7b,Target_313,Pre-miR-377 5′-G_G/3′-CAC bulge,GCAGAGGUUGCCCUUGGUGAAUUCGCUUUAUUUAUGUUGAAUCACACAAAGGCAACUUUUGU
RNA_164c2ca2c62e,Target_285,Seq20,UGAAGGAAGGUUUCGACCUUCCUUCA
RNA_32f5073bbdca,Target_319,miR-17 Base pairing control,GUGCAGGUAGAUGAUAUGUGCAUCUACCUGCAC
RNA_87e1a7ca089a,Target_442,"G17A,G18A SLI_mutant",AUUUUUCCUCGAACUUAACGGAACGCAGAAAAAU
RNA_dd3fb85eb2f0,Target_103,Human A-site,UACCUGGUUGAUCCUGCCAGUAGCAUAUGCUUGUCUCAAAGAUUAAGCCAUGCAUGUCUAAGUACGCACGGCCGGUACAGUGAAACUGCGAAUGGCUCAUUAAAUCAGUUAUGGUUCCUUUGGUCGCUCGCUCCUCUCCCACUUGGAUAACUGUGGUAAUUCUAGAGCUAAUACAUGCCGACGGGCGCUGACCCCCUUCGCGGGGGGGAUGCGUGCAUUUAUCAGAUCAAAACCAACCCGGUCAGCCCCUCUCCGGCCCCGGCCGGGGGGCGGGCGCCGGCGGCUUUGGUGACUCUAGAUAACCUCGGGCCGAUCGCACGCCCCCCGUGGCGGCGACGACCCAUUCGAACGUCUGCCCUAUCAACUUUCGAUGGUAGUCGCCGUGCCUACCAUGGUGACCACGGGUGACGGGGAAUCAGGGUUCGAUUCCGGAGAGGGAGCCUGAGAAACGGCUACCACAUCCAAGGAAGGCAGCAGGCGCGCAAAUUACCCACUCCCGACCCGGGGAGGUAGUGACGAAAAAUAACAAUACAGGACUCUUUCGAGGCCCUGUAAUUGGAAUGAGUCCACUUUAAAUCCUUCCGCGAGGAUCCAUUGGAGGGCAAGUCUGGUGCCAGCAGCCGCGGUAAUUCCAGCUCCAAUAGCGUAUAUUAAAGUUGCUGCAGUUAAAAAGCUCGUAGUUGGAUCUUGGGAGCGGGCGGGCGGUCCGCCGCGAGGCGAGCCACCGCCCGUCCCCGCCCCUUGCCUCUCGGCGCCCCCUCGAUGCUCUUAGCUGAGUGUCCCGCGGGGCCCGAAGCAUUUACUUUGAAAAAAUUAGAGUGUUCAAAGCAGGCCCGAGCCGCCUGGAUACCGCAGCUAGGAAUAAUGGAAUAGGACCGCGGUUCUAUUUUGUUGGUUUUCGGAACUGAGGCCAUGAUUAAGAGGGACGGCCGGGGGCAUUCGUAUUGCGCCGCUAGAGGUGAAAUUCUUGGACCGGCGCAAGACGGACCAGAGCGAAAGCAUUUGCCAAGAAUGUUUUCAUUAAUCAAGAACGAAAGUCGGAGGUUCGAAGACGAUCAGAUACCGUCGUAGUUCCGACCAUAAACGAUGCCGACUGGCGAUGCGGCGGCGUUAUUCCCAUGACCCGCCGGGCAGCUUCCGGGAAACCAAAGUCUUUGGGUUCCGGGGGGAGUAUGGUUGCAAAGCUGAAACUUAAAGGAAUUGACGGAAGGGCACCACCAGGAGUGGAGCCUGCGGCUUAAUUUGACUCAACACGGGAAACCUCACCCGGCCCGGACACGGACAGGAUUGACAGAUUGAUAGCUCUUUCUCGAUUCCGUGGGUGGUGGUGCAUGGCCGUUCUUAGUUGGUGGAGCGAUUUGUCUGGUUAAUUCCGAUAACGAACGAGACUCUGGCAUGCUAACUAGUUACGCGACCCCCGAGCGGUCGGCGUCCCCCAACUUCUUAGAGGGACAAGUGGCGUUCAGCCACCCGAGAUUGAGCAAUAACAGGUCUGUGAUGCCCUUAGAUGUCCGGGGCUGCACGCGCGCUACACUGACUGGCUCAGCGUGUGCCUACCCUACGCCGGCAGGCGCGGGUAACCCGUUGAACCCCAUUCGUGAUGGGGAUCGGGGAUUGCAAUUAUUCCCCAUGAACGAGGAAUUCCCAGUAAGUGCGGGUCAUAAGCUUGCGUUGAUUAAGUCCCUGCCCUUUGUACACACCGCCCGUCGCUACUACCGAUUGGAUGGUUUAGUGAGGCCCUCGGAUCGGCCCCGCCGGGGUCGGCCCACGGCCCUGGCGGAGCGCUGAGAAGACGGUCGAACUUGACUAUCUAGAGGAAGUAAAAGUCGUAACAAGGUUUCCGUAGGUGAACCUGCGGAAGGAUCAUUA
RNA_b063674a982f,Target_408,HCV IRES Domain Iib,CUGUCUUCACGCAGAAAGCGUCUAGCCAUGGCGUUAGUAUGAGUGUCG
RNA_431db52d1bc3,Target_166,r(AUUCU)11,AUUCUAUUCUAUUCUAUUCUAUUCUAUUCUAUUCUAUUCUAUUCUAUUCUAUUCU
RNA_fb47f420a147,Target_89,RRE9,GGUGGAGCGCAGCUUCGGCUGCGCCCACC
RNA_2dab7dbe01a9,Target_310,J6f16 RNA,GGCUUAGUAUAGCGAGGUUUAACUACACUCGUGCUGAGCC
RNA_8dfe0b749fca,Target_188,HIV-1 FSS DNA,GGCCUUCCCACAAGGGAAGGCC
RNA_f4d7e73ea2ea,Target_72,thiamine_BOX_Riboswitch,GGACUCGGGGUGCCCUUCUGCGUGAAGGCUGAGAAAUACCCGUAUCACCUGAUCUGGAUAAUGCCAGCGUAGGGAAGUUC
RNA_11a87cc800c2,Target_100,Large subunit (TELITHROMYCIN),GGUUAAGCGACUAAGCGUACACGGUGGAUGCCCUGGCAGUCAGAGGCGAUGAAGGACGUGCUAAUCUGCGAUAAGCGUCGGUAAGGUGAUAUGAACCGUUAUAACCGGCGAUUUCCGAAUGGGGAAACCCAGUGUGUUUCGACACACUAUCAUUAACUGAAUCCAUAGGUUAAUGAGGCGAACCGGGGGAACUGAAACAUCUAAGUACCCCGAGGAAAAGAAAUCAACCGAGAUUCCCCCAGUAGCGGCGAGCGAACGGGGAGCAGCCCAGAGCCUGAAUCAGUGUGUGUGUUAGUGGAAGCGUCUGGAAAGGCGCGCGAUACAGGGUGACAGCCCCGUACACAAAAAUGCACAUGCUGUGAGCUCGAUGAGUAGGGCGGGACACGUGGUAUCCUGUCUGAAUAUGGGGGGACCAUCCUCCAAGGCUAAAUACUCCUGACUGACCGAUAGUGAACCAGUACCGUGAGGGAAAGGCGAAAAGAACCCCGGCGAGGGGAGUGAAAAAGAACCUGAAACCGUGUACGUACAAGCAGUGGGAGCACGCUUAGGCGUGUGACUGCGUACCUUUUGUAUAAUGGGUCAGCGACUUAUAUUCUGUAGCAAGGUUAACCGAAUAGGGGAGCCGAAGGGAAACCGAGUCUUAACUGGGCGUUAAGUUGCAGGGUAUAGACCCGAAACCCGGUGAUCUAGCCAUGGGCAGGUUGAAGGUUGGGUAACACUAACUGGAGGACCGAACCGACUAAUGUUGAAAAAUUAGCGGAUGACUUGUGGCUGGGGGUGAAAGGCCAAUCAAACCGGGAGAUAGCUGGUUCUCCCCGAAAGCUAUUUAGGUAGCGCCUCGUGAAUUCAUCUCCGGGGGUAGAGCACUGUUUCGGCAAGGGGGUCACUUACCAACCCGAUGCAAACUGCGAAUACCGGAGAAUGUUAUCACGGGAGACACACGGCGGGUGCUAACGUCCGUCGUGAAGAGGGAAACAACCCAGACCGCCAGCUAAGGUCCCAAAGUCAUGGUUAAGUGGGAAACGAUGUGGGAAGGCCCAGACAGCCAGGAUGUUGGCUUAGAAGCAGCCAUCAUUUAAAGAAAGCGUAAUAGCUCACUGGUCGAGUCGGCCUGCGCGGAAGAUGUAACGGGGCUAAACCAUGCACCGAAGCUGCGGCAGCGACGCUUAUGCGUUGUUGGGUAGGGGAGCGUUCUGUAAGCCUGCGAAGGUGUGCUGUGAGGCAUGCUGGAGGUAUCAGAAGUGCGAAUGCUGACAUAAGUAACGAUAAAGCGGGUGAAAAGCCCGCUCGCCGGAAGACCAAGGGUUCCUGUCCAACGUUAAUCGGGGCAGGGUGAGUCGACCCCUAAGGCGAGGCCGAAAGGCGUAGUCGAUGGGAAACAGGUUAAUAUUCCUGUACUUGGUGUUACUGCGAAGGGGGGACGGAGAAGGCUAUGUUGGCCGGGCGACGGUUGUCCCGGUUUAAGCGUGUAGGCUGGUUUUCCAGGCAAAUCCGGAAAAUCAAGGCUGAGGCGUGAUGACGAGGCACUACGGUGCUGAAGCAACAAAUGCCCUGCUUCCAGGAAAAGCCUCUAAGCAUCAGGUAACAUCAAAUCGUACCCCAAACCGACACAGGUGGUCAGGUAGAGAAUACCAAGGCGCUUGAGAGAACUCGGGUGAAGGAACUAGGCAAAAUGGUGCCGUAACUUCGGGAGAAGGCACGCUGAUAUGUAGGUGAGGUCCCUCGCGGAUGGAGCUGAAAUCAGUCGAAGAUACCAGCUGGCUGCAACUGUUUAUUAAAAACACAGCACUGUGCAAACACGAAAGUGGACGUAUACGGUGUGACGCCUGCCCGGUGCCGGAAGGUUAAUUGAUGGGGUUAGCGCAAGCGAAGCUCUUGAUCGAAGCCCCGGUAAACGGCGGCCGUAACXAUAACGGUCCUAAGGUAGCGAAAUUCCUUGUCGGGUAAGUUCCGACCUGCACGAAUGGCGUAAUGAUGGCCAGGCUGUCUCCACCCGAGACUCAGUGAAAUUGAACUCGCUGUGAAGAUGCAGUGUACCCGCGGCAAGACGGAAAGACCCCGUGAACCUUUACUAUAGCUUGACACUGAACAUUGAGCCUUGAUGUGUAGGAUAGGUGGGAGGCUUUGAAGUGUGGACGCCAGUCUGCAUGGAGCCGACCUUGAAAUACCACCCUUUAAUGUUUGAUGUUCUAACGUUGACCCGUAAUCCGGGUUGCGGACAGUGUCUGGUGGGUAGUUUGACUGGGGCGGUCUCCUCCUAAAGAGUAACGGAGGAGCACGAAGGUUGGCUAAUCCUGGUCGGACAUCAGGAGGUUAGUGCAAUGGCAUAAGCCAGCUUGACUGCGAGCGUGACGGCGCGAGCAGGUGCGAAAGCAGGUCAUAGUGAUCCGGUGGUUCUGAAUGGAAGGGCCAUCGCUCAACGGAUAAAAGGUACUCCGGGGAUAACAGGCUGAUACCGCCCAAGAGUUCAUAUCGACGGCGGUGUUUGGCACCUCGAUGUCGGCUCAUCACAUCCUGGGGCUGAAGUAGGUCCCAAGGGUAUGGCUGUUCGCCAUUUAAAGUGGUACGCGAGCUGGGUUUAGAACGUCGUGAGACAGUUCGGUCCCUAUCUGCCGUGGGCGCUGGAGAACUGAGGGGGGCUGCUCCUAGUACGAGAGGACCGGAGUGGACGCAUCACUGGUGUUCGGGUUGUCAUGCCAAUGGCACUGCCCGGUAGCUAAAUGCGGAAGAGAUAAGUGCUGAAAGCAUCUAAGCACGAAACUUGCCCCGAGAUGAGUUCUCCCUGACCCUUUAAGGGUCCUGAAGGAACGUUGAAGACGACGACGUUGAUAGGCCGGGUGUGUAAGCGCAGCGAUGCGUUGAGCUAACCGGUACUAAUGAACCGUGAGGCUUAACCU
RNA_a99a31ecdaf4,Target_26,35 nucleotide RNA,GGCGUGUAGGAUAUGCUUCGGCAGAAGGACACGCC
RNA_6c2428329222,Target_363,r(CAGx6),UUGGGCCAGCAGCAGCAGCAGCAGGUCC
RNA_0eb0344eb8d4,Target_270,Pri-miR-515 (RNA 3),GGGAGAGGGUUUAAUUCAUACGAAAGUAUUAAUUGGAUCCGCAAGG
RNA_8c3685aa21af,Target_207,Fully Paired RNA,GGGAGAGGGUUUAAUUAAAAGUCGACGAAAGUCGUCGCUAAUUGGAUCCGCAAGG
RNA_dc4242fc9a33,Target_71,S_Adenosyl_methionine_riboswitch,GGCUUAUCAAGAGAGGUGGAGGGACUGGCCCGAUGAAACCCGGCAACCAGAAAUGGUGCCAAUUCCUGCAGCGGAAACGUUGAAAGAUGAGCCA
RNA_bd25be2fcadd,Target_390,Aptamer mutant C30,GGUACCCGACUGGCGAGAGCCAGGUAACGCAUGGUACC
RNA_0f0d4fc3e886,Target_283,Oligonucleotide 4,CCGACUGAUGUUGAXUGUUGAAUYUCAUGGCAACACCAGUCGG
RNA_ce67538842cf,Target_445,TS mRNA Construct_4,CCCCCCCGCCGCGCCAUGCCUGUGGCCGGGGGG
RNA_5c41b4a5127f,Target_384,Aptamer mutant G25,GGUACCCGACUGGCGAGAGCCAGGGAACGAAUGGUACC
RNA_13e3c8cc9c79,Target_432,FSS_mutant_2,CCGGAAGGGACAACCCUUCCGG
RNA_ab5d9d331132,Target_378,RNA hairpin loop III,CGCGCAGUAGUAGCGCG
RNA_a3abb90b3029,Target_136,RNA_XIX,CGCGCGUGUGCGCG
RNA_24d926c3c918,Target_443,"C19U,G20A SLI_mutant",AUUUUUCCUCGAACUUGGUAGAACGCAGAAAAAU
RNA_db32650efd93,Target_65,PAX3-FKHR m-RNA,GGAUUUAAGCAGAGUUCAAAAGCCCUUCAGCGGCCAGUAG
RNA_57607e575636,Target_447,RRE16,GGUCGGCGCAGCUUCGGCUGCGGUAGACC
RNA_ed607b2d3dde,Target_77,B.subtilis tenA FMN riboswitch,GGAAGGACAAAUGAAUAAAGAUUGUAUCCUUCGGGGCAGGGUGGAAAUCCCGACCGGCGGUAGUAAAGCACAUUUGCUUUAGAGCCCGUGACCCGUGUGCAAUAGCACGCGGUGGAUUCAGUUUAAGCUGAAGCCGACAGUGAAAGUCUGGAUGGGAGAAGGAUG
RNA_222423ecf7df,Target_5,RNA_APTAMER_B4_25,GGGAGAAUUCCCGCGGCGUUGGCCCAGGAUAAUAGGACGAAAUCCGAAAAAUCCGUACCCAACAUGAACCCCCCAGCGCUCACACGGACGCCCCAUUACGGCUAACCGAACGCCUGCAGCCCGGGAAGCUU
RNA_3192f13d4b85,Target_167,r(CUG)12,CUGCUGCUGCUGCUGCUGCUGCUGCUGCUGCUGCUG
RNA_5aafd1fea758,Target_61,B alpha aptamer,GGACCGUCAGAGGACACGGUUAAAAAGUCCUCU
RNA_4e3eb5cc67fa,Target_87,RRE7,GGUGGGCGCAGCUUCGGCUGCGGCCACC
RNA_a8afeb129a5d,Target_225,GAU/A_C Bulge in miR-18a,GGGAGAGGGUUUAGAUACGAAAGUACUGGAUCCGCAAGG
RNA_7fa2c0d49f7a,Target_407,E. coli transglycosidase mRNA,GAAGACAGCCGCUUCUACGAGCAU
RNA_5e603e38ebf3,Target_124,RNA XIV,GUCCGAUGCGUGUUUCACGCAGUCGGAC
RNA_2ba9bfbfc994,Target_346,(5'CAG/3'GUC) x1,GGGAGAGGGUUUAAUUCAGUACGAAAGUACUGAUUGGAUCCGCAAGG
RNA_1b2ea967e4ce,Target_414,Tetracycline riboswitch A13U mutant,GGGCCUAAAACAUUCCAGAUCGCCACCCGCGCUUUAAUCUGGAGAGGUGAAGAAUACGACCACCUAGGCUC
RNA_6ef4d29546b6,Target_94,RRE14,GGUGGGCGCAGCUUCGGCUGCGCGGCCACC
RNA_a43ff7529989,Target_104,23SrRNA,GGUUAAGCGACUAAGCGUACACGGUGGAUGCCCUGGCAGUCAGAGGCGAUGAAGGACGUGCUAAUCUGCGAUAAGCGUCGGUAAGGUGAUAUGAACCGUUAUAACCGGCGAUUUCCGAAUGGGGAAACCCAGUGUGUUUCGACACACUAUCAUUAACUGAAUCCAUAGGUUAAUGAGGCGAACCGGGGGAACUGAAACAUCUAAGUACCCCGAGGAAAAGAAAUCAACCGAGAUUCCCCCAGUAGCGGCGAGCGAACGGGGAGCAGCCCAGAGCCUGAAUCAGUGUGUGUGUUAGUGGAAGCGUCUGGAAAGGCGCGCGAUACAGGGUGACAGCCCCGUACACAAAAAUGCACAUGCUGUGAGCUCGAUGAGUAGGGCGGGACACGUGGUAUCCUGUCUGAAUAUGGGGGGACCAUCCUCCAAGGCUAAAUACUCCUGACUGACCGAUAGUGAACCAGUACCGUGAGGGAAAGGCGAAAAGAACCCCGGCGAGGGGAGUGAAAAAGAACCUGAAACCGUGUACGUACAAGCAGUGGGAGCACGCUUAGGCGUGUGACUGCGUACCUUUUGUAUAAUGGGUCAGCGACUUAUAUUCUGUAGCAAGGUUAACCGAAUAGGGGAGCCGAAGGGAAACCGAGUCUUAACUGGGCGUUAAGUUGCAGGGUAUAGACCCGAAACCCGGUGAUCUAGCCAUGGGCAGGUUGAAGGUUGGGUAACACUAACUGGAGGACCGAACCGACUAAUGUUGAAAAAUUAGCGGAUGACUUGUGGCUGGGGGUGAAAGGCCAAUCAAACCGGGAGAUAGCUGGUUCUCCCCGAAAGCUAUUUAGGUAGCGCCUCGUGAAUUCAUCUCCGGGGGUAGAGCACUGUUUCGGCAAGGGGGUCAUCCCGACUUACCAACCCGAUGCAAACUGCGAAUACCGGAGAAUGUUAUCACGGGAGACACACGGCGGGUGCUAACGUCCGUCGUGAAGAGGGAAACAACCCAGACCGCCAGCUAAGGUCCCAAAGUCAUGGUUAAGUGGGAAACGAUGUGGGAAGGCCCAGACAGCCAGGAUGUUGGCUUAGAAGCAGCCAUCAUUUAAAGAAAGCGUAAUAGCUCACUGGUCGAGUCGGCCUGCGCGGAAGAUGUAACGGGGCUAAACCAUGCACCGAAGCUGCGGCAGCGACGCUUAUGCGUUGUUGGGUAGGGGAGCGUUCUGUAAGCCUGCGAAGGUGUGCUGUGAGGCAUGCUGGAGGUAUCAGAAGUGCGAAUGCUGACAUAAGUAACGAUAAAGCGGGUGAAAAGCCCGCUCGCCGGAAGACCAAGGGUUCCUGUCCAACGUUAAUCGGGGCAGGGUGAGUCGACCCCUAAGGCGAGGCCGAAAGGCGUAGUCGAUGGGAAACAGGUUAAUAUUCCUGUACUUGGUGUUACUGCGAAGGGGGGACGGAGAAGGCUAUGUUGGCCGGGCGACGGUUGUCCCGGUUUAAGCGUGUAGGCUGGUUUUCCAGGCAAAUCCGGAAAAUCAAGGCUGAGGCGUGAUGACGAGGCACUACGGUGCUGAAGCAACAAAUGCCCUGCUUCCAGGAAAAGCCUCUAAGCAUCAGGUAACAUCAAAUCGUACCCCAAACCGACACUGGUGGUCAGGUAGAGAAUACCAAGGCGCUUGAGAGAACUCGGGUGAAGGAACUAGGCAAAAUGGUGCCGUAACUUCGGGAGAAGGCACGCUGAUAUGUAGGUGAGGUCCCUCGCGGAUGGAGCUGAAAUCAGUCGAAGAUACCAGCUGGCUGCAACUGUUUAUUAAAAACACAGCACUGUGCAAACACGAAAGUGGACGUAUACGGUGUGACGCCUGCCCGGUGCCGGAAGGUUAAUUGAUGGGGUUAGCGCAAGCGAAGCUCUUGAUCGAAGCCCCGGUAAACGGCGGCCGUAACUAUAACGGUCCUAAGGUAGCGAAAUUCCUUGUCGGGUAAGUUCCGACCUGCACGAAUGGCGUAAUGAUGGCCAGGCUGUCUCCACCCGAGACUCAGUGAAAUUGAACUCGCUGUGCAGAUGCAGUGUACCCGCGGCAAGACGGAAAGACCCCGUGAACCUUUACUAUAGCUUGACACUGAACAUUGAGCCUUGAUGUGUAGGAUAGGUGGGAGGCUUUGAAGUGUGGACGCCAGUCUGCAUGGAGCCGACCUUGAAAUACCACCCUUUAAUGUUUGAUGUUCUAACGUUGACCCGUAAUCCGGGUUGCGGACAGUGUCUGGUGGGUAGUUUGACUGGGGCGGUCUCCUCCUAAAGAGUAACGGAGGAGCACGAAGGUUGGCUAAUCCUGGUCGGACAUCAGGAGGUUAGUGCAAUGGCAUAAGCCAGCUUGACUGCGAGCGUGACGGCGCGAGCAGGUGCGAAAGCAGGUCAUAGUGAUCCGGUGGUUCUGAAUGGAAGGGCCAUCGCUCAACGGAUAAAAGGUACUCCGGGGAUAACAGGCUGAUACCGCCCAAGAGUUCAUAUCGACGGCGGUGUUUGGCACCUCGAUGUCGGCUCAUCACAUCCUGGGGCUGAAGUAGGUCCCAAGGGUAUGGCUGUUCGCCAUUUAAAGUGGUACGCGAGCUGGGUUUAGAACGUCGUGAGACAGUUCGGUCCCUAUCUGCCGUGGGCGCUGGAGAACUGAGGGGGGCUGCUCCUAGUACGAGAGGACCGGAGUGGACGCAUCACUGGUGUUCGGGUUGUCAUGCCAAUGGCACUGCCCGGUAGCUAAAUGCGGAAGAGAUAAGUGCUGAAAGCAUCUAAGCACGAAACUUGCCCCGAGAUGAGUUCUCCCUGACCCUUUAAGGGUCCUGAAGGAACGUUGAAGACGACGACGUUGAUAGGCCGGGUGUGUAAGCGCAGCGAUGCGUUGAGCUAACCGGUACUAAUGAACCGUGAGGCUUAACCUU
RNA_3f2d0e416a95,Target_284,SMN2 pre-mRNA GA-rich sequence,AAAAGAAGGAAGUGCUCACAUUCCUUAAAUUAAGGAGUAAGUCUGC
RNA_9e8c4a094cb5,Target_125,RNA XV,GUCCGAUGCGUGUUUCACGCAUCGGAC
RNA_360319a347c4,Target_158,RpoH σ32mRNA factor,AUCGAUUGAGAGGAUUUGAAUGACUGACAAAAUGCAAAGUUUAGCUUUAGCCCCAGUUGGCAACGCAGCUAACGCGUGGCCGAUGUUGUCGGCUGACGAGGAGCGGGCGCUGGCUGAAAAGCUGCAUUACCAUGGCGCACCUGCGGUUUGUUGUUCAUAUUGCUCGUAAUUAUGCGGGCUAUGGC
RNA_910386524eff,Target_376,RNA hairpin loop Ib,CGCGCUUCGGCGCG
RNA_e57aff5b39b8,Target_415,Tetracycline riboswitch A50U mutant,GGGCCUAAAACAUACCAGAUCGCCACCCGCGCUUUAAUCUGGAGAGGUGAUGAAUACGACCACCUAGGCUC
RNA_efbdfc55c136,Target_151,RNA seq A,CCGCUGCUGCUGCUGCGG
RNA_a1711d691714,Target_382,RNA hairpin loop Iva,CGCGCUUGCGAGUGCGCG
RNA_bd531b838d50,Target_288,Seq23,GCCAGGCGCACUUUCGAGUGCGCGAAGGAAGGCUGGC
RNA_3198e9ceab85,Target_175,r(CUG16)-MBNL1 complex,CUGCUGCUGCUGCUGCUGCUGCUGCUGCUGCUGCUGCUGCUGCUGCUG
RNA_f98e5e2e5034,Target_73,PbuE Riboswitch,GGAAUAAUUGUAUAACCUCAAUAAUAUGGUUUGAGGGUGUCUACCAGGAACCGUAAAAUCCUGAUUACAA
RNA_4ab93595aa59,Target_308,J6fd6 RNA,GGCUUAGUAUAGCUAGGUUUAGCUACACUCGUGCUGAGCC
RNA_03af9e242245,Target_82,RRE2,GGUGUCGCAGCUUCGCCUCGCACACC
RNA_9b33908d46ed,Target_352,Fusibacterium ulcerans ZTP riboswitch,UAUCAGUUAUAUGACUGACGGAACGUGGAAUUAACCACAUGAAGUAUAACGAUGACAAUGCCGACCGUCUGGGCG
RNA_bfe39c42fb40,Target_217,Influenza RNA promoter,GAGUAGAAACAAGGCUUCGGCCUGCUUUUGCU
RNA_ecc3bb001b72,Target_114,T-box C11U,GAGGGUGGAAUCGCGCUUCGGCGUCCCUC
RNA_eb8b1be25d00,Target_83,RRE3,GGUGGGCGCAGCUUCGGCUGCGCCCACC
RNA_1efd98516cc6,Target_441,"U15C,U16C SLI_mutant",AUUUUUCCUCGAACCCGGCGGAACGCAGAAAAAU
RNA_e3cd825f25e7,Target_153,RNA seq B,GGGCUGCUGCUGCUGCUGGGG
RNA_c0c8c506f629,Target_416,Tetracycline riboswitch G51U mutant,GGGCCUAAAACAUACCAGAUCGCCACCCGCGCUUUAAUCUGGAGAGGUGAAUAAUACGACCACCUAGGCUC
RNA_158e4146870d,Target_336,(5'CGG/3'GAC) x 1,GGGAGAGGGUUUAAUUCGGUACGAAAGUACAGAUUGGAUCCGCAAGG
RNA_ab99a8941bb5,Target_450,RRE19,GGUGGACGCAGCUUCGGCUGACUGUACACC
RNA_76c8a4c809e7,Target_137,RNA_XX,CGCGCAGUGUAGCGCG
RNA_440d97d0aa37,Target_326,Pre-miR-33a-G31A,GUGCAUUGUAGUUGCAUUGCAUGUUCUGGUAGUACCCAUCGAAUGUUUCCACAGUGCAUCAC
RNA_aa7d6c030c6d,Target_380,RNA hairpin loop IIIb,CGCGCACAACAAGCGCG
RNA_da1c81c1e54f,Target_409,HIV protease active site (PAS) mRNA,GGCUGACCAUCAAUAAGGAAGAAGCCCUUCAGCGGCCAGUA
RNA_90738a9dbde9,Target_399,Aptamer mutant A11U22,GGUACCCGACAGGCGAGAGCCUGGUAACGAAUGGUACC
RNA_e869d3e6a943,Target_39,Tetracycline in vitro aptamer,GGGCCUAAAACAUACCAGAUCGCCACCCGCGCUUUAAUCUGGAGAGGUGAAGAAUACGACACCUAGGCUC
RNA_06f7a99424cd,Target_348,(5'CAG/3'GUC)x6,GGGAGAGGGUUUAAUUCAGCAGCAGCAGCAGCAGUACGAAAGUACUGCUGCUGCUGCUGCUGAUUGGAUCCGCAAGG
RNA_1add193ae51f,Target_252,"Oligo-3, a purine-rich RNA 15-mer",AAAAUCAAAAAGAAG
RNA_b51fae6bc83b,Target_183,r(GGGGCC)8,GGGGCCGGGGCCGGGGCCGGGGCCGGGGCCGGGGCCGGGGCCGGGGCC
RNA_b4b0e5797d4a,Target_180,(CAG)10,CCCGCAGCAGCAGCAGCAGCAGCAGCAGCAGCAGCGG
RNA_dd3e4d2730bb,Target_383,Aptamer mutant C25,GGUACCCGACUGGCGAGAGCCAGGCAACGAAUGGUACC
RNA_c115f51e327d,Target_142,Spiegelmer L-A42d RNA (58 mer),CUCGGUACCGCAAAAGCGUUUUUCGCAUACCUAUUCGUUAUAGGUCGAUUGUACCGAG
RNA_d3d273cd5155,Target_444,"G21A,A22G SLI_mutant",AUUUUUCCUCGAACUUGGCGAGACGCAGAAAAAU
RNA_be86f6ff49be,Target_176,d(CTG)12,CTGCTGCTGCTGCTGCTGCTGCTGCTGCTGCTGCTG
RNA_3cd2003f9eba,Target_393,Aptamer mutant G27,GGUACCCGACUGGCGAGAGCCAGGUAGCGAAUGGUACC
RNA_edd46d3eb00f,Target_95,RRE15,GGUGGGCGCAGCUUCGGCUGCGCUUCCACC
RNA_b8da9339ddc3,Target_243,KRAS RNA G-quadruplex utr-z,GGCGGCGGCAGUGGCGGCGG
RNA_8c5f45c1237d,Target_379,RNA hairpin loop IIIa,CGCGCACAAGUAGCGCG
RNA_328ffbb25096,Target_339,(5'CUG/3'GCC) x 1,GGGAGAGGGUUUAAUUCUGUACGAAAGUACCGAUUGGAUCCGCAAGG
RNA_0696056bc4bd,Target_317,miR-17 G-bulge,GUGCAGGUAGUGAUAUGUGCAUCUACUGCAC
RNA_45185963d713,Target_177,r(CUG)2,CCCGCUGCUGCGG
RNA_ea76e2a6e479,Target_412,Tetracycline riboswitch A08G mutant,GGGCCUAGAACAUACCAGAUCGCCACCCGCGCUUUAAUCUGGAGAGGUGAAGAAUACGACCACCUAGGCUC
RNA_35c53e0da50b,Target_92,RRE12,GGUGGGCGCAGCUUCGGCUGCGCAAACCACC
RNA_34a402d2702d,Target_323,R-Seq3,GCUGAUUUCUUUUGGUGUUCAGAGAGGUCGGUGGUUGGUGGUGGGUGGUGGUUCUAGCACCAUCUGAAAUCGGUUA
RNA_c2a0c9b02622,Target_159,Pri-miR-96 RNAC  (UU loop mutant to AU basepair),GGGAGAGGGUUUAAUUACGAAAGUAAUUGGAUCCGCAAGG
RNA_1836c323928e,Target_163,Pri-miR-96 RNA4 (GG to GC loop mutation),GGGAGAGGGUUUACGAUUUACGAAAGUAUAUCGUGGAUCCGCAAGG
RNA_93544d5ed660,Target_286,Seq21,GCGCCGACUGAAGGAAGGAGUCGGCGC
RNA_bc2feef304db,Target_244,KRAS RNA G-quadruplex utr-4,CAGCAGCGGCGGCGGCAGUGG
RNA_1113ae77cb2c,Target_413,Tetracycline riboswitch A09G mutant,GGGCCUAAGACAUACCAGAUCGCCACCCGCGCUUUAAUCUGGAGAGGUGAAGAAUACGACCACCUAGGCUC
RNA_97a97bd81ed6,Target_144,RNA B,CUGGCCUGGCGCGCCUGCCCAG
RNA_8a39f41d423e,Target_74,Guanine riboswitch,GGACAUAUAAUCGCGUGGAUAUGGCACGCAAGUUUCUACCGGGCACCGUAAAUGUCCGACUAUGUCC
RNA_4afac3a053ef,Target_179,r(CCUG)10,CCCGCCUGCCUGCCUGCCUGCCUGCCUGCCUGCCUGCCUGCCUGCGG
RNA_680a777292dd,Target_190,"FMN Riboswitch Aptamer, E. Coli",GGAUCUUCGGGGCAGGGUGAAAUUCCCGACCGGUGGUAUAGUCCACGAAAGUAUUUGCUUUGAUUUGGUGAAAUUCCAAAACCGACAGUAGAGUCUGGAUGAGAGAAGAUUC
RNA_24b4519147bd,Target_303,miR-21 A bulge,GUUGACUGUUGAAUCUCAAUGGUCAAC
RNA_5d8a0b71bd55,Target_132,fIIRE,UUCCUGCUUCAACAGUGCUUGGACGGAA
RNA_7592a2e027d7,Target_405,B.subtilis cysH,GGUACAAUCUAAAAACUUAUCAAGAGCGGCUGAGGGACUGGACCUAUGAAGCCCGGCAACCUGCAUAGUUUGUAAGGUGCUACUUCCAGCAAAAUGAAUUCCAUUUUGAAAGAUAAGGGCUGCAUGCUGUUCCUGUCUUUCUUUCCGCCGAUUGAAAGUUUUUU
RNA_70836d3e4ce6,Target_372,B12.9,CCGGTGCGCATAACCACCTCAGTGCGAGCAACGATGGCC
RNA_3c15ec74172e,Target_410,human tyrosine sulfotransferase mRNA,GCCAACCCACCUAACUACGGAAAACCUGAUCCC
RNA_87dc0f5c218a,Target_269,Pri-miR-885 drosha site (RNA 2),GGGAGAGGGUUUAAUUUCUACGAAAGUAGCGAUUGGAUCCGCAAGG
RNA_5ccf2e18d64b,Target_236,5′CAG/3′GAC x 3 repeat RNA,GGAGAGGGUUUAAUCAGUACGAAAGUAGACAUUGGAUCCGCAAGG
RNA_3ccb95ca3746,Target_334,(5'CAG/3'GGC) x 1,GGGAGAGGGUUUAAUUCAGUACGAAAGUACGGAUUGGAUCCGCAAGG
RNA_33362469a511,Target_208,1 X 1 UU Hairpin,CGCUGCGGAAACGCUGCG
RNA_68d3abccdbd4,Target_351,(5'CGG/3'GGC) x60,GGGAGAGGGUUUAAUUCGGCGGCGGCGGCGGCGGCGGCGGCGGCGGCGGCGGCGGCGGCGGCGGCGGCGGCGGCGGCGGCGGCGGCGGCGGCGGCGGCGGCGGCGGCGGCGGCGGCGGCGGCGGCGGCGGCGGCGGCGGCGGCGGCGGCGGCGGCGGCGGCGGCGGCGGCGGCGGCGGCGGCGGCGGCGGCGGCGGUACGAAAGUACGGCGGCGGCGGCGGCGGCGGCGGCGGCGGCGGCGGCGGCGGCGGCGGCGGCGGCGGCGGCGGCGGCGGCGGCGGCGGCGGCGGCGGCGGCGGCGGCGGCGGCGGCGGCGGCGGCGGCGGCGGCGGCGGCGGCGGCGGCGGCGGCGGCGGCGGCGGCGGCGGCGGCGGCGGCGGCGGCGGAUUGGAUCCGCAAGG
RNA_917ae0fb1cfe,Target_20,RNA_Str_HIV-2 TAR,GGCCAGAUUGAGCCUGGGAGCUCUCUGGCC
RNA_5581c233ff2b,Target_121,Bulge_A_RNA,GGGUCUCGAGUUUUCGAAGACCC
RNA_9964c05f1642,Target_212,AT Hairpin DNA,CGCGAATTCGCGTTTTCGCGAATTCGCG
RNA_8ea535fed485,Target_335,(5'CCG/3'GAC) x 1,GGGAGAGGGUUUAAUUCCGUACGAAAGUACAGAUUGGAUCCGCAAGG
RNA_ed3349177c1b,Target_185,r(CCUG)12,GGGAGAGGGUUUAAUCCUGCCUGCCUGCCUGCCUGCCUGUACGAAAGUACCUGCCUGCCUGCCUGCCUGCCUGAUUGGAUCCGCAAGG
RNA_80db96e047f3,Target_411,Tetracycline riboswitch,GGGCCUAAAACAUACCAGAUCGCCACCCGCGCUUUAAUCUGGAGAGGUGAAGAAUACGACCACCUAGGCUC
RNA_61087697ef58,Target_394,Aptamer mutant U27,GGUACCCGACUGGCGAGAGCCAGGUAUCGAAUGGUACC
RNA_efc57ed09e44,Target_203,"5'CGAUUU/3'GGUAUA, Expanded miR-96 Precursor Processing Site",UGGCCGAUUUUGGCACUAGCACAUUUUUGCUUGUGUCUCUCCGCUCUGAGCAAUCAUGUGCAGUGCCAAUAUGGGAAA
RNA_860b6c5779ba,Target_357,r(CGGx4),UUGGGCCGGCGGCGGCGGGUCC
RNA_943ffdd0c8c4,Target_229,lysC riboswitch,GAAGAUAGAGGUGCGAACUUCAAGAGUAUGCCUUUGGAGAAAGAUGGAUUCUGUGAAAAAGGCUGAAAGGGGAGCGUCGCCGAAGCAAAUAAAACCCCAUCGGUAUUAUUUGCUGGCCGUGCAUUGAAUAAAUAUAAGGCUGUCAAGAAAUCAUUUUCUUGGAGGGCUAUCUCGUUGUUCAUAAUCAUUUAUGAUGAUUAAUUGAUAAGCAAUGAGAGUAUUCCUCUCAUUGCUUUUUU
RNA_0cc724fa1422,Target_59,RNA aptamer_4,GGGCGGUUUUUCGAAGCUUGAGUCUCGUAGAGGGCUUCGGCCUGGCGUAGACUGACGCUC
RNA_3cdccffcff54,Target_434,FSS_mutant_4,GGCCUUCCCCACCGGGAAGGCC
RNA_702d1e3be5ca,Target_196,A10-RNA-WT QGRS in ADAM10 mRNA,UGGGGGACGGGUAGGGGCGGGAGGUAGGGG
RNA_d8728511127b,Target_358,r(CGGx6),UUGGGCCGGCGGCGGCGGCGGCGGGUCC
RNA_08fc19cdd7fa,Target_345,(5'CGG/3'GGC) x1,GGGAGAGGGUUUAAUUCGGUACGAAAGUACGGAUUGGAUCCGCAAGG
RNA_46c090f50787,Target_242,KRAS RNA G-quadruplex utr-1,GCGGCGGCGGAGGCA
RNA_02dbb6f9d3d1,Target_254,"Oligo-6, an RNA 15-mer",CCUUAAAUUAAGGAG
RNA_76e675be92cd,Target_57,RNA aptamer_2,GGGCGGUUUUUCGAAGCUUGAGUCUUACGUAGAGGGCUUCGGCCUGGCGAUAGACUGACGCUC
RNA_284012214257,Target_439,SL4 RNA,GGUGCGAGAGCGUC
RNA_847eddfbfb54,Target_349,(5'CGG/3'GGC) x20,GGGAGAGGGUUUAAUUCGGCGGCGGCGGCGGCGGCGGCGGCGGCGGCGGCGGCGGCGGCGGCGGCGGCGGCGGCGGUACGAAAGUACGGCGGCGGCGGCGGCGGCGGCGGCGGCGGCGGCGGCGGCGGCGGCGGCGGCGGCGGCGGAUUGGAUCCGCAAGG
RNA_c6a2a5adacd4,Target_156,RNA seq E,CCAGCUGGCAACAGCUGG
RNA_e7a001f34dcd,Target_311,J6f17 RNA,GGCUUAGUAUAGCGAGGUUUAGUUACACUCGUGCUGAGCC
RNA_8829671cb6fe,Target_347,(5'CGG/3'GGC)x6,GGGAGAGGGUUUAAUUCGGCGGCGGCGGCGGCGGUACGAAAGUACGGCGGCGGCGGCGGCGGAUUGGAUCCGCAAGG
RNA_bf9a64f4366d,Target_431,FSS_mutant_1,GGCCUUCCUACAAGGGAAGGCC
RNA_59fc82666e91,Target_342,(5'CCG/3'GGC) x 1,GGGAGAGGGUUUAAUUCCGUACGAAAGUACGGAUUGGAUCCGCAAGG
RNA_38fdae0a7850,Target_122,L11 binding BD RNA,GCUGGGAUGUUGGCUUAGAAGCAGCCAUCAUUUAAAGAGUGCGUAACAGCUCACCAGC
RNA_fc549d541113,Target_85,RRE5,GGUGGGCGCAGCUUCGGCUGCGCACACC
RNA_01ef78a525af,Target_2,RNA duplex,AAAAAAAAAAAAAAAAAAAAAAAAAAAAAAAAAAUUUUUUUUUUUUUUUUUUUUUUUUUUUUUUUUUU
RNA_0db0ff7d47b2,Target_192,"FMN Riboswitch Aptamer SA2, S. Aureus",AUUCAUCUUCGGGGUCGGGUGUAAUUCCCAACCGGCAGUAAAUAAAGCCUGCGACCUGCUAGUAUGUAUCAUAUUAGUGGCUGAUCUAGUGAGAUUCUAGAGCCGACAGUAUAGUCUGGAUGGGAGAAGAUGGAGGUUUUUUGUUGUGCAAUAAUCCUCCUAUUCUUACGAGAUGAAUGGAAGGAGAAAAUU
RNA_c44914c4494c,Target_211,GC Stem Loop,GCGCGCGCGAAAGCGCGCGC
RNA_4bf4b1c88ede,Target_304,miR-21 U bulge,GUUGACUGUUGAAUCUCAUGGUCAAC
RNA_d24b0e3f1f0d,Target_67,HCV IRES IIa 40-mer,CUCCCCUGUGAGGAACUACUGUCUUCACGCAGAAAGCGUCUAGCCAUGGCGUUAGUAUGAGUGUCGUGCAGCCUCCAGG
RNA_618b6847a867,Target_62,(CCUG)6,CCUGCCUGCCUGCCUGCCUGCCUG
RNA_15409a9584be,Target_338,(5'CAG/3'GCC) x 1,GGGAGAGGGUUUAAUUCAGUACGAAAGUACCGAUUGGAUCCGCAAGG
RNA_ffc6a69333ab,Target_320,miR-18a Dicer site,UGCAGAUAGUGAAGUAGAUAGGCAUCUACUGCA
RNA_c7a38856a332,Target_281,r(CUG)16,GGGCUGCUGCUGCUGCUGCUGCUGCUGCUGCUGCUGCUGCUGCUGCUGCUGCCC
RNA_8c9daf4a712f,Target_397,Aptamer mutant U26,GGUACCCGACUGGCGAGAGCCAGGUUACGAAUGGUACC
RNA_40a2c7d35167,Target_91,RRE11,GGUGGGCGCAGCUUCGGCUGCGCAACCACC
RNA_4595e519ce73,Target_195,"108 nt yjdF Riboswitch Construct, B. subtilis, Mutant 1",GUAUAUGGUAAACUAUGAAAAAACACGAUUCGGUUGGUAGUCCGGAUGCAUGAUUGAGAAUGUCAGUAACCUUCCCCUCCUCGGGAUGUCCAUCAUUCUUUAAUAUCU
RNA_04de4009c2ae,Target_387,Aptamer mutant G9,GGUACCCGGCUGGCGAGAGCCAGGUAACGAAUGGUACC
RNA_4c79256f02d4,Target_110,DM1-RNA-MBNL1,GGGAGAGGGUUUAAUCUGUACGAAAGUACUGAUUGGAUCCGCAAGG
RNA_42e1d8fff743,Target_324,R-Seq4,GCUGAUUUCUUUUGGUGUUCAGAGUGGGGUGAGCUUUCUAGCACCAUCUGAAAUCGGUUA
RNA_2adb6570ba12,Target_134,TfR_IRE_C24U,ACAUUACCGGGAGCAGUGUCUUCUGUAAUGU
RNA_d991e331a24e,Target_56,RNA aptamer_1,GGGCGGUUUUUCGAAGCUUGAGUCUCGUAGAGGGCUUCGGCCUGGCGAAUUAGACUGACGCUC
RNA_0b8e0d94bb77,Target_131,Polio virus loop B construct,GGGGUUGUACCCACCCC
RNA_1611752c7ac7,Target_417,Tetracycline riboswitch U54G mutant,GGGCCUAAAACAUACCAGAUCGCCACCCGCGCUUUAAUCUGGAGAGGUGAAGAAGACGACCACCUAGGCUC
RNA_4928370e4d82,Target_90,RRE10,GGUGGGCGCAGCUUCGGCUGCGCACCACC
RNA_8a2ac6998a88,Target_31,cyanocobalamin 35 nt RNA aptamer,CGGGUGCGCAUAACCACCUCAGUGCGAGCAA
RNA_a7a9d761713a,Target_160,Pri-miR-96 RNA1 (Drosha processing site only),GGGAGAGGGUUUAUUUACGAAAGUAUAUGGAUCCGCAAGG
RNA_73439adae3b8,Target_174,r(CCUG)8],CCUGCCUGCCUGCCUGCCUGCCUGCCUGCCUG
RNA_abd1e9a5f9e3,Target_327,Pre-miR-33a-G32A,GUGCAUUGUAGUUGCAUUGCAUGUUCUGGUGAUACCCAUCGAAUGUUUCCACAGUGCAUCAC
RNA_4c115f7f3d3a,Target_210,5' CUG/3' GUC Internal Loop,GGGAGAGGGUUUAAUCUGUACGAAAGUACUGAUUGGAUCCGCAAG
RNA_0dd556a5e111,Target_325,Pre-miR-33a,GUGCAUUGUAGUUGCAUUGCAUGUUCUGGUGGUACCCAUCGAAUGUUUCCACAGUGCAUCAC
RNA_c2591c5abe1b,Target_402,Aptamer mutant C31,GGUACCCGACUGGCGAGAGCCAGGUAACGACUGGUACC
RNA_c7cdd931cee5,Target_391,Aptamer mutant U30,GGUACCCGACUGGCGAGAGCCAGGUAACGUAUGGUACC
RNA_f63b084553f4,Target_449,RRE18,GGUGCGCGCAGCUUCGGCUGCGGUACACC
RNA_7aaf71d8f53d,Target_162,Pri-miR-96 RNA3 (both the Drosha target site and adjacent target site),GGGAGAGGGUUUACGAUUUACGAAAGUAUAUGGUGGAUCCGCAAGG
RNA_d8b6d7d06ffc,Target_88,RRE8,GGUGUGCCGCAGCUUCGGCUGCGGACACC
RNA_16f8a9ff6870,Target_395,Aptamer mutant G10C23,GGUACCCGAGUGGCGAGAGCCACGUAACGAAUGGUACC
RNA_de05e04cbae1,Target_173,r(CUGx6),CUGCUGCUGCUGCUGCUG
RNA_89c676eddf96,Target_386,Aptamer mutant C9,GGUACCCGCCUGGCGAGAGCCAGGUAACGAAUGGUACC
RNA_32d6fb4698c9,Target_309,J6f15 RNA,GGCUUAGUAUAGCGAGGUUUGGCUACACUCGUGCUGAGCC
RNA_f53c6c909ae9,Target_453,RRE22,GGUGGGCUCAGCUUCGGCUGACGGUACACC
RNA_907d7bbcda8f,Target_341,(5'CAG/3'GAC) x 1,GGGAGAGGGUUUAAUUCAGUACGAAAGUACAGAUUGGAUCCGCAAGG
RNA_009db58fb138,Target_350,(5'CGG/3'GGC) x40,GGGAGAGGGUUUAAUUCGGCGGCGGCGGCGGCGGCGGCGGCGGCGGCGGCGGCGGCGGCGGCGGCGGCGGCGGCGGCGGCGGCGGCGGCGGCGGCGGCGGCGGCGGCGGCGGCGGCGGCGGCGGCGGCGGCGGCGGUACGAAAGUACGGCGGCGGCGGCGGCGGCGGCGGCGGCGGCGGCGGCGGCGGCGGCGGCGGCGGCGGCGGCGGCGGCGGCGGCGGCGGCGGCGGCGGCGGCGGCGGCGGCGGCGGCGGCGGCGGCGGCGGAUUGGAUCCGCAAGG
RNA_09d05c6bf4d6,Target_218,SARS-Pseudoknot Construct,CGGUGUAAGUGCAGCCCGUCUUACACCGUGCGGCACAGCGGAAACGCUGAUGUCGUAUACAGGGCU
RNA_26522e805b00,Target_182,r(GGCC)4,GGCCGGCCGGCCGGCC
RNA_88a2b000e8f0,Target_389,Aptamer mutant G30,GGUACCCGACUGGCGAGAGCCAGGUAACGGAUGGUACC
RNA_3d6c14db56da,Target_164,Pri-miR-96 RNA5 (UU loop mutant to UA loop),GGGAGAGGGUUUACGAUUUACGAAAGUAAAUGGUGGAUCCGCAAGG
RNA_224218508b59,Target_96,16S rRNA_neomycin,GCACCGGCUAACUCCGUGCCAGCAGCGCGGUAAUACGGAGGGUGC
RNA_1611c0e50466,Target_253,"Oligo-5, an RNA 15-mer",UGCUCACAUUCCUUA
RNA_5b87e3132dd5,Target_360,r(CGGx40),UUGGGCCGGCGGCGGCGGCGGCGGCGGCGGCGGCGGCGGCGGCGGCGGCGGCGGCGGCGGCGGCGGCGGCGGCGGCGGCGGCGGCGGCGGCGGCGGCGGCGGCGGCGGCGGCGGCGGCGGCGGCGGGUCC
RNA_d5d0be2a9f7a,Target_343,(5'CUG/3'GUC) x 1,GGGAGAGGGUUUAAUUCUGUACGAAAGUACUGAUUGGAUCCGCAAGG
RNA_ce0b0ea70f9a,Target_155,RNA seq D,CGCGCUGCUGCGCG
RNA_f804952ef5d1,Target_220,HCV IRES-A 1 Mutant,UGAUGAGUGUGAGGAGGA
RNA_dd74806bf0d8,Target_385,Aptamer mutant A25,GGUACCCGACUGGCGAGAGCCAGGAAACGAAUGGUACC
RNA_19ac96a1b6ed,Target_438,SL3_duplex_RNA,GGACUAGCGCUAGUCC
RNA_baeba00b3644,Target_241,5'CAG/3'GUC internal loop,GGAGAGGGUUUAAUCAGUACGAAAGUAGUCAUUGGAUCCGCAAGG
RNA_a34451f4688b,Target_223,G_U/CUA Bulge in miR-18a,GGGAGAGGGUUUAUGACGAAAGUCUAUGGAUCCGCAAGG
RNA_942ba0865eaa,Target_226,GGU/A_C Bulge Mutant,GGGAGAGGGUUUAGGUACGAAAGUACUGGAUCCGCAAGG
RNA_79ecda36e8cc,Target_68,HCV IRES RNA,GAGGAACUACUGGAGACGUGCAGCCUC
RNA_c055691e0e58,Target_126,RNA XVII,GUCCGAUGCGUGUUUUCACGCAGUUCGGAC
RNA_d7f3ec9a8bbe,Target_354,r(CGGx1),UUGGGCCGGGUCC
RNA_f61e90529a26,Target_396,Aptamer mutant G26,GGUACCCGACUGGCGAGAGCCAGGUGACGAAUGGUACC
RNA_c7c58704da92,Target_260,Pu22 DNA G-quadruplex,TGAGGGTGGGTAGGGTGGGTAA
RNA_704da2b9df19,Target_287,Seq22,GTGCCAGTTCGCTGGCACTGAAGGAAGGT
RNA_daabc20deda5,Target_258,BCL2 RNA G-quadruplex,AGGGGGCCGUGGGGUGGGAGCUGGGG
RNA_4d2653d36d7a,Target_204,5'CAG/3'GAC,GGGAGAGGGUUUAAUAUCAGUAUACGAAAGUAUACAGAUAUUGGAUCCGCAAGG
RNA_22600cc571dd,Target_209,AU stem,CGCAGCGGAAACGCUGCG
RNA_bbb1fd30728d,Target_401,Aptamer mutant G31,GGUACCCGACUGGCGAGAGCCAGGUAACGAGUGGUACC
RNA_7ada6b3eb6ad,Target_451,RRE20,GGUGGCCGCAGCUUCGGCUGACGGUACACC
RNA_5dd3c7c41aae,Target_331,Pre-miR-17/18a/20a,UAGCUUAUCAGACUGAUGUUGACUGUUGAAUCUCAUGGCAACACCAGUCGAUGGGCUGU
RNA_2276868fe2bc,Target_255,TERRA G-quadruplex,AGGGUUAGGGUUAGGGUUAGGG
RNA_901079c43803,Target_418,Tetracycline riboswitch A55G mutant,GGGCCUAAAACAUACCAGAUCGCCACCCGCGCUUUAAUCUGGAGAGGUGAAGAAUGCGACCACCUAGGCUC
RNA_eea07f655d73,Target_251,"Oligo-2, an RNA 15-mer",GGUUUUAGACAAAAU
RNA_68133840372e,Target_337,(5'CCG/3'GUC) x 1,GGGAGAGGGUUUAAUUCCGUACGAAAGUACUGAUUGGAUCCGCAAGG
RNA_0b90142fe4f2,Target_33,Biotin aptamer,GGAACACUAUCCGAUGGCACCGACCAUAGGCUCGGGUUGCCAGAGGUUCCACACUUUCAUCGAAAAGCCUAUGCUAGGCAAUGACAUGGACUCCUUGGUCAUUAGGAUCG
RNA_4cd0aba4a1b6,Target_355,r(CGGx2),UUGGGCCGGCGGGUCC
RNA_9ff1b7f01282,Target_193,"FMN Riboswitch, S. Davawensis",GGUACCAGAAGCAGCGCACUCCGGGGUCGGUGAAAGUCCGAACCGGCGGUUACAGUCCGCGACCCGACCGCUUCCAGCGGCCGGUUGACCAGGUGAAAUUCCUGGACCGACGGUUAAAGUCCGGAUGGGAGGCAGUGCGCGCGGCGGGCGG
RNA_cad081d8baf0,Target_249,"Oligo-7, an AAGGAG-containing RNA 15-mer",AAUUAAGGAGUAAGU
RNA_79d35df19991,Target_191,"FMN Riboswitch Aptamer SA1, S. Aureus",UAAUUCUUUCGGGGCAGGGUGAAAUUCCCAACCGGCAGUAAAUAAAGCCUGCGACCUGCUAAUAUGUUUCAUAUUAGUGGCUGAUCUAGUGAGAUUCUAGAGCCGACAGUUAAAGUCUGGAUGGGAGAAAGAAUGUUAAUUAUCGACAAAGAUAAUGUAGCGUAUUUGUAAAAAUGUGUACAAAUAGGCUUAUUUAACGAUAAAUUUUUCUCCUUGCAUCUUAAUUCAUGAUGUGAGGAUU
RNA_e0a6787d48b0,Target_435,FSS_mutant_5,CCGCUGCUGCUGCUGCUGCUGCUGCUGCUGCUGCGG
RNA_9a9c031d658a,Target_356,r(CGGx3),UUGGGCCGGCGGCGGGUCC
RNA_115c3de26fec,Target_398,Aptamer mutant C26,GGUACCCGACUGGCGAGAGCCAGGUCACGAAUGGUACC
RNA_e9a5d5767505,Target_364,r(CCGx6),UUGGGCCCGCCGCCGCCGCCGCCGGUCC
RNA_b4bd1ae306fb,Target_362,r(AUx6),AUAUAUAUAUAU
RNA_25e69821511a,Target_268,Pri-miR-515 drosha site (RNA 1),GGGAGAGGGUUUAAUUCUUACGAAAGUAAUAAUUGGAUCCGCAAGG
RNA_ef3073fe9a6f,Target_60,T alpha aptamer,GGUGAUACCAGCCGAAAGGCCCUUGGCAGCACC
RNA_a5274f467586,Target_186,r(CAG)12,GGGAGAGGGUUUAAUCAGCAGCAGCAGCAGCAGUACGAAAGUACAGCAGCAGCAGCAGCAGAUUGGAUCCGCAAGG
RNA_558c8bdb680f,Target_141,GNRA tetraloop construct XVIII,GGGGCGAAAGCCUUAU
RNA_eb798915013b,Target_30,NMN binding RNA aptamer,GGAACCCAACUAGGCGUUUGAGGGGAUUCGGCCACGGUAACAACCCCUC
RNA_eaacb48ba1d8,Target_374,Polio virus loop B RNA,GGGGUUGUACCCACCCCAC
RNA_60c2f1e7055f,Target_135,Yohimbine_XII_RNA,GGGCGAAUUGGGUACCGGGCCCCCCC
RNA_77063f37dc8e,Target_181,r(CCG)12,CCGCCGCCGCCGCCGCCGCCGCCGCCGCCGCCGCCG
RNA_52fe8bc64e69,Target_222,HCV IRES-A DNA,CCUGACUAGUCUUUCAGG
RNA_cbbabf6caf67,Target_4,RNA_APTAMER_CB_42,GGGAGAATTCCCGCGGCAGAAGCCCACCTGGCTTTGAACTCTATGTTATTGGGTGGGGGAAACTTAAGAAAACTACCACCCTTCAACATTACCGCCCTTCAGCCTGCCAGCGCCCTGCAGCCCGGGAAGCTT
RNA_988ddba799d8,Target_433,FSS_mutant_3,GGCCUUCCCGCAAGGGAAGGCC
RNA_b6aa6d3698e7,Target_404,Aptamer mutant C8G28,GGUACCCCACUGGCGAGAGCCAGGUAAGGAAUGGUACC
RNA_6438726be1fc,Target_359,r(CGGx20),UUGGGCCGGCGGCGGCGGCGGCGGCGGCGGCGGCGGCGGCGGCGGCGGCGGCGGCGGCGGCGGCGGGUCC
RNA_908dc59c2e43,Target_301,miR-21 WT,GUUGACUGUUGAAUCUCAUGGCAAC
RNA_243e3d56deba,Target_228,C. difficile guaA riboswitch,GGAUCAUAUAAUCGCGUGGAUAUGGCACGCAAGUUUCUACCGGGCACCGUAAAUGUCCGACUAUGGUC
RNA_4625657ea558,Target_452,RRE21,GGUGGGAGCAGCUUCGGCUGAUGGUACACC
RNA_80360a4a45dd,Target_361,r(CGGx60),UUGGGCCGGCGGCGGCGGCGGCGGCGGCGGCGGCGGCGGCGGCGGCGGCGGCGGCGGCGGCGGCGGCGGCGGCGGCGGCGGCGGCGGCGGCGGCGGCGGCGGCGGCGGCGGCGGCGGCGGCGGCGGCGGCGGCGGCGGCGGCGGCGGCGGCGGCGGCGGCGGCGGCGGCGGCGGCGGCGGCGGCGGGUCC
RNA_66165706cf44,Target_440,SL2 RNA,GGCGACUGGUGAGUACGCC
RNA_ad0240afa425,Target_392,Aptamer mutant C27,GGUACCCGACUGGCGAGAGCCAGGUACCGAAUGGUACC
RNA_0c74edd4649f,Target_70,Riboswitch,GCCGGUCCUGUGAGUUAAUAGGGAAUCCAGUGCGAAUCUGGAGCUGACGCGCAGCGGUAAGGAAAGGUGCGAUGAUUGCGUUAUGCGGACACUGCCAUUCGGUGGGAAGUCAUCAUCUCUUAGUAUCUUAGAUACCCCUCCAAGCCCGAAGACCUGCCGGCCAACGUCGCAUCUGGUUCUCAUCAUCGCGUAAUAUUGAUGA
RNA_5e1ff3cee55b,Target_318,miR-17 U-bulge,GUGCAGGUAGUGAUAUGUGCAUCUACCUGCAC
RNA_15bc5ab6e4a2,Target_448,RRE17,GGUGUGCGCAGCUUCGGCUGCGGUACACC
RNA_e4bed2697640,Target_248,"Oligo-4, an AGGAAG-containing RNA 15-mer",AGAAGGAAGGUGCUC
RNA_067bd5f6eed9,Target_328,Pre-miR-24-2,UGCCUACUGAGCUGAAACACAGUUGGUUUGUGUACACUGGCUCAGUUCAGCAGGAACAG
RNA_ce69bde6339a,Target_58,RNA aptamer_3,GGGCGGUUUUUCGAAGCUUGAGUCUCUCGUAGAGGGCUUCGGCCUGGGCGCAAGACUGACGCUC
RNA_fd09a7fa4b08,Target_86,RRE6,GGUGGCCGCAGCUUCGGCUGCGGACACC
RNA_70d3bf8b0b9d,Target_40,ss_PolyA,AAAAAAAAAAAAAAAAAAAAAAAAAAAAAAAAAAAAAAAAAAAAAAAAAAAAAAAAAAAAAAAAAAAAAAAAAAAAAAAAAAAAAAAAAAAAAAAAAAAAAAAAAAAAAAAAAAAAAAAAAAAAAAAAAAAAAAAAAAAAAAAAAAAAAAAAAAAAAAAAAAAAAAAAAAAAAAAAAAAAAAAAAAAAAAAAAAAAAAAA
RNA_3973e022e932,-,human oncogenic Bcr-Abl mRNA,-
RNA_ae3c4741e62c,Target_464,thiM aptamer mutant 3,GGACUCGGGGUGCCCUUCUGCGUGAAGGCUGAGAAAUACCCGUAUCACCUGUUCUGGAUAAUGCCAGCGUAGGGAAGUUC
RNA_28890de0dd20,Target_1,Yeast tRNA Phe,GCGGAUUUAGCUCAGUUGGGAGAGCGCCAGACUGAAGAUCUGGAGGUCCUGUGUUCGAUCCACAGAAUUCGCACCA
RNA_cebad5a67b6f,Target_306,GC-PAN triplex,GGGUUUUUCCUUCGAAACACGAAGGUUUUUAUCCCUGCCGGGUUUUUCCUUCGAAACACGAAGGUUUUUAUCCCUGCC
RNA_305b03a9cec4,Target_105,E.Coli tRNA Val,GGGUGAUUAGCUCAGCUGGGAGAGCACCUCCCUUACAAGGAGGGGGUCGGCGGUUCGAUCCCGUCAUCACCCACCA
RNA_e4745529b919,Target_25,Tetrahymena group I ribozyme,GGAGGGAAAAGUUAUCAGGCAUGCACCUGGUAGCUAGUCUUUAAACCAAUAGAUUGCAUCGGUUUAAAAGGCAAGACCGUCAAAUUGCGGGAAAGGGGUCAACAGCCGUUCAGUACCAAGUCUCAGGGGAAACUUUGAGAUGGCCUUGCAAAGGGUAUGGUAAUAAGCUGACGGACAUGGUCCUAACCACGCAGCCAAGUCCUAAGUCAACAGAUCUUCUGUUGAUAUGGAUGCAGUUCACAGACUAAAUGUCGGUCGGGGAAGAUGUAUUCUUCUCAUAAGAUAUAGUCGGACCUCUCCUUAAUGGGAGCUAGCGGAUGAAGUGAUGCAACACUGGAGCCGCUGGGAACUAAUUUGUAUGCGAAAGUAUAUUGAUUAGUUUUGGAGU
RNA_74587d4e5f92,Target_465,Tt preQ1 aptamer mutant U22Ap,CUGGGUCGCAGUAACCCCAGUUAACAAAACAAG
RNA_a3d51e508d59,Target_462,thiM aptamer mutant 1,GGACUCGGGGUGCCCUUCUGCGUGAAGGCUGAGAAAUACCCGUAUCACCUGGUCUGGAUAAUGCCAGCGUAGGGAAGUUC
RNA_9f122b0df566,Target_463,thiM aptamer mutant 2,GGACUCGGGGUGCCCUUCUGCGUGAAGGCUGAGAAAUACCCGUAUCACCUGUUUUGGAUAAUGCCAGCUUAGGGAAGUUC
RNA_dddb1a1fac5c,Target_52,poly(C) and poly(G),CCCCCCCCCCCCCCCCCCCCCCCCCCCCCCCCCCGGGGGGGGGGGGGGGGGGGGGGGGGGGGGGGGGG
RNA_15a8277b2072,Target_53,A Form of poly(rC),CCCCCCCCCCCCCCCCCCCCCCCCCCCCCCCCCCCCCCCCCCCCCCCCCCCCCCCCCCCCCCCCCCCCCCCCCCCCCCCCCCCCCCCCCCCCCCCCCCCCCCCCCCCCCCCCCCCCCCCCCCCCCCCCCCCCCCCCCCCCCCCCCCCCCCCCCCCCCCCCCCCCCCCCCCCCCCCCCCCCCCCCCCCCCCCCCCCCCCCC
RNA_92174460aa16,Target_51,POLY(IC),IIIIIIIIIIIIIIIIIIIIIIIIIIIIIIIIIICCCCCCCCCCCCCCCCCCCCCCCCCCCCCCCCCC
RNA_c6143495ce97,Target_41,ss poly(rG),GGGGGGGGGGGGGGGGGGGGGGGGGGGGGGGGGGGGGGGGGGGGGGGGGGGGGGGGGGGGGGGGGGGGGGGGGGGGGGGGGGGGGGGGGGGGGGGGGGGGGGGGGGGGGGGGGGGGGGGGGGGGGGGGGGGGGGGGGGGGGGGGGGGGGGGGGGGGGGGGGGGGGGGGGGGGGGGGGGGGGGGGGGGGGGGGGGGGGGGG
RNA_44f1cb99c982,Target_111,DM2-RNA-MBNL1,GGGAGAGGGUUUAAUCCUGUACGAAAGUACCUGAUUGGAUCCGCAAGG
RNA_bdf32bad55a9,Target_115,hammerhead ribozyme16,GCGAUGACCUGAUGAGGCCGAAAGGCCGAAACGUUCCCGGGAACGUCGUCGUCGC
RNA_6507e7e6f7c9,Target_23,Group I intron,GACCGUCAAAUUGCGGGAAAGGGGUCAACAGCCGUUCAGUACCAAGUCUCAGGGGAAACUUUGAGAUGGCCUUGCAAAGGGUAUGGUAAUAAGCUGACGGACAUGGUCCUAACCACGCAGCCAAGUCCUAAGUCAACAGGAGACUGUUGAUAUGGAUGCAGUUCACAGACUAAAUGUCGGUCGGGGAAGAUGUAUUCUUCUCAUAAGAUAUAGUCGGACCUCUCCCGAAAGGGAGUUGGAGUACUCG
RNA_8d0da01949ca,Target_43,ss poly(rU),UUUUUUUUUUUUUUUUUUUUUUUUUUUUUUUUUUUUUUUUUUUUUUUUUUUUUUUUUUUUUUUUUUUUUUUUUUUUUUUUUUUUUUUUUUUUUUUUUUUUUUUUUUUUUUUUUUUUUUUUUUUUUUUUUUUUUUUUUUUUUUUUUUUUUUUUUUUUUUUUUUUUUUUUUUUUUUUUUUUUUUUUUUUUUUUUUUUUUUUU
RNA_6b9ee2cdb406,Target_42,ss poly(rI),IIIIIIIIIIIIIIIIIIIIIIIIIIIIIIIIIIIIIIIIIIIIIIIIIIIIIIIIIIIIIIIIIIIIIIIIIIIIIIIIIIIIIIIIIIIIIIIIIIIIIIIIIIIIIIIIIIIIIIIIIIIIIIIIIIIIIIIIIIIIIIIIIIIIIIIIIIIIIIIIIIIIIIIIIIIIIIIIIIIIIIIIIIIIIIIIIIIIIIII
RNA_88f89e8c6564,Target_116,T4 phage derived td intron,UUUCUUGGGUUAAUUGAGGCCUGAGUAUAAGGUGACUUAUACUUGUAAUCUAUCUAAACGGGGAACCUCUCUAGUAGACAAUCCCGUGCUAAAUUGUAGGACUGCCCGGGUUCUACAUAAAUGCCUAACGACUAUCCCUUUGGGGAGUAGGGUCAAGUGACUCGAAACGAUAGACAACUUGCUUUAACAAGUUGGAGAUAUAGUCUGCUCUGCAUGGUGACAUGCAGCUGGAUAUAAUUCCGGGGUAAGAUUAACGACCUUAUCUGAACAUAAUGCUAC
RNA_113542a1ac37,Target_118,td-mutant U870,UUUCUUGGGUUAAUUGAGGCCUGAGUAUAAGGUGACUUAUACUUGUAAUCUAUCUAAACGGGGAACCUCUCUAGUAGACAAUCCCGUGCUAAAUUGUAGGACUGCCCGGGUUCUACAUAAAUGCCUAAUGACUAUCCCUUUGGGGAGUAGGGUCAAGUGACUCGAAACGAUAGACAACUUGCUUUAACAAGUUGGAGAUAUAGUCUGCUCUGCAUGGUGACAUGCAGCUGGAUAUAAUUCCGGGGUAAGAUUAACGACCUUAUCUGAACAUAAUGCUAC
RNA_c803a1eb085a,Target_24,Tetrahymena_rRNA_ICI,CUUCUAAAUAGCAAUAUUUACCUUUGGAGGGAAAAGUUAUCAGGCAUGCACCUGGUAGCUAGUCUUUAAACCAAUAGAUUGCAUCGGUUUAAAAGGCAAGACCGUCAAAUUGCGGGAAAGGGGUCAACAGCCGUUCAGUACCAAGUCUCAGGGGAAACUUUGAGAUGGCCUUGCAAAGGGUAUGGUAAUAAGCUGACGGACAUGGUCCUAACCACGCAGCCAAGUCCUAAGUCAACAGAUCUUCUGUUGAUAUGGAUGCAGUUCACAGACUAAAUGUCGGUCGGGGAAGAUGUAUUCUUCUCAUAAGAUAUAGUCGGACCUCUCCUUAAUGGGAGCUAGCGGAUGAAGUGAUGCAACACUGGAGCCGCUGGGAACUAAUUUGUAUGCGAAAGUAUAUUGAUUAGUUUUGGAGU
RNA_33c71b21196a,Target_213,FMDV IRES RNA,UGUUGCUUCGUAGCGGAGCAUGACGGCCGUGGGAACUCCUCCUUGGUAACAAGGACCCACGGGGCCAAAAGCCACGCCCACACGGGCCCGUCAUGUGUGCAACCCCAGCACGGCGACU
RNA_1be5a4a663ae,Target_455,RRE RNA,GGCUGGCGCAGCGCTGCGGCAGCC
RNA_adc893daa275,Target_276,SMN2 pre-mRNA,AUACUUACCUG-GGAGUAAGUCU
RNA_626b1f206806,Target_353,CD33 pre-mRNA (K562 allele exon 2),ATCCCTGGCACTCTAGAACCCGGCCACTCCAAAAACCTGAC
RNA_206bd6a9f563,Target_247,Synthetic TSL-2 RNA,ACAUUCCUUAAAUUAAGGAGUAAGUCU
RNA_11f472cc94a5,Target_275,Tau Stem-Loop RNA,GCGGCAGUGUGAGUACCUUCACACGUCCC
RNA_cfecb2148afb,Target_366,E.coli F61 RNA (G661),GGCGCGAGCGUUACCCGGAUUCACUGGGCGUAAAGGGCGUGUAGGCGGCCUGGGGCGUCCCAUGUGAAAGACCACGGCUCAACCGUGGGGGAGCGUGGGAUACGCUCAGGCUAGACGGUGGGAGAGGGUGGUGGAAUUCCCGGAGUAGCGGUGAAAUGCGCAGAUACCGGGAGGAACGCCGAUGGCGAAGGCAGCCACCUGGUCCACCCGUGACGCUGAGGCGCGAAAGCGUGGGGAGCAAACCGGAUUAGAUACCCGGGUAGUCCACGCCCUAAACGAUGCGCGCUAGGUCUCUGGGUCUCCUGGGGGCCGAAGCUAACGCGUUAAGCGCGCCGCCUGGGGAG
